<?xml version="1.0"?>
<doc>
    <assembly>
        <name>Mp3FileChecker</name>
    </assembly>
    <members>
        <member name="T:Mp3FileChecker.Extensions.ObjectExtensions">
            <summary>
            An extension class for <see cref="T:System.Object"/>s.
            </summary>
        </member>
        <member name="M:Mp3FileChecker.Extensions.ObjectExtensions.IsEmptyOrNull``1(System.Collections.Generic.IEnumerable{``0})">
            <summary>
            Checks whether the enumerable is empty or null.
            </summary>
            <typeparam name="T">The type.</typeparam>
            <param name="enumerable">The enumerable.</param>
            <returns>A value indicating whether the enumerable is empty or null.</returns>
        </member>
        <member name="T:Mp3FileChecker.Extensions.StringExtensions">
            <summary>
            An extension class for <see cref="T:System.String"/>s.
            </summary>
        </member>
        <member name="F:Mp3FileChecker.Extensions.StringExtensions.EmptyChar">
            <summary>
            The empty char constant.
            </summary>
        </member>
        <member name="M:Mp3FileChecker.Extensions.StringExtensions.NeedsTrimming(System.String)">
            <summary>
            Checks whether the text needs trimming or not.
            </summary>
            <param name="text">The text.</param>
            <returns>A value indicating wwhether the text needs trimming or not.</returns>
        </member>
        <member name="T:Mp3FileChecker.Helper.AlbumHelper">
            <summary>
            A helper class for albums.
            </summary>
        </member>
        <member name="F:Mp3FileChecker.Helper.AlbumHelper.allowedAlbumChars">
            <summary>
            The allowed chars to use within the album name.
            </summary>
        </member>
        <member name="M:Mp3FileChecker.Helper.AlbumHelper.IsValid(System.String)">
            <summary>
            Checks whether the given album name is valid or not.
            </summary>
            <param name="albumName">The album name.</param>
            <returns>A value indicating whether the given album name is valid or not.</returns>
        </member>
        <member name="M:Mp3FileChecker.Helper.AlbumHelper.GetAlbumNameFromFolder(System.String)">
            <summary>
            Gets the album name from the folder path.
            </summary>
            <param name="folderPath">The folder path.</param>
            <returns>The album name.</returns>
        </member>
        <member name="T:Mp3FileChecker.Helper.ArtistHelper">
            <summary>
            A helper class for artists.
            </summary>
        </member>
        <member name="F:Mp3FileChecker.Helper.ArtistHelper.allowedArtistChars">
            <summary>
            The allowed chars to use within the artist name.
            </summary>
        </member>
        <member name="M:Mp3FileChecker.Helper.ArtistHelper.IsValid(System.String)">
            <summary>
            Checks whether the given artist name is valid or not.
            </summary>
            <param name="artistName">The artist name.</param>
            <returns>A value indicating whether the given artist name is valid or not.</returns>
        </member>
        <member name="M:Mp3FileChecker.Helper.ArtistHelper.GetArtistNameFromFolder(System.String,System.Boolean)">
            <summary>
            Gets the artist name from the folder path.
            </summary>
            <param name="folderPath">The folder path.</param>
            <param name="isAlbumFolder">A value indicating whether the folder path contains an album or not.</param>
            <returns>The artist name.</returns>
        </member>
        <member name="T:Mp3FileChecker.Program">
            <summary>
            The main program.
            </summary>
        </member>
        <member name="F:Mp3FileChecker.Program.mp3FileEnding">
            <summary>
            The MP3 file ending.
            </summary>
        </member>
        <member name="F:Mp3FileChecker.Program.allowedTitleChars">
            <summary>
            The allowed chars to use within the title.
            </summary>
        </member>
        <member name="F:Mp3FileChecker.Program.allowedGenreChars">
            <summary>
            The allowed chars to use within the genre.
            </summary>
        </member>
        <member name="F:Mp3FileChecker.Program.useTestMode">
            <summary>
            A value indicating whether the test mode is on or not (No file updates are made in the test mode).
            </summary>
        </member>
        <member name="M:Mp3FileChecker.Program.Main(System.String,System.Boolean)">
            <summary>
            The main method.
            </summary>
            <param name="musicFolder">The top level music folder.</param>
            <param name="testMode">A value indicating whether the test mode is on or not (No file updates are made in the test mode).</param>
        </member>
        <member name="M:Mp3FileChecker.Program.IterateFolder(System.String,System.Int32)">
            <summary>
            Iterates the given folder.
            </summary>
            <param name="folderPath">The folder path.</param>
            <param name="currentDepth">The current folder depth.</param>
        </member>
        <member name="M:Mp3FileChecker.Program.CheckFilesPerArtist(System.String[],System.String)">
            <summary>
            Checks the files per artist folder (No album).
            </summary>
            <param name="files">The files.</param>
            <param name="folderPath">The folder path.</param>
        </member>
        <member name="M:Mp3FileChecker.Program.CheckFilesPerAlbum(System.String[],System.String)">
            <summary>
            Checks the files per album folder.
            </summary>
            <param name="files">The files.</param>
            <param name="folderPath">The folder path.</param>
        </member>
        <member name="M:Mp3FileChecker.Program.CheckFile(System.String,System.String,System.String,System.Collections.Generic.List{System.String})">
            <summary>
            Checks the MP3 file.
            </summary>
            <param name="filePath">The file path.</param>
            <param name="artistNameFromFolder">The artist name from the folder.</param>
            <param name="albumNameFromFolder">The album name from the folder (If any).</param>
            <param name="nonMp3Files">The files in the folder that are not MP3 files (Might be images for covers, etc...).</param>
        </member>
    </members>
</doc>
